EASTING,NORTHING,DIP,DIP_DIR
363168,6892892,90,312
369168,6887892,83,323
370168,6887892,90,155
373168,6890892,90,320
377168,6892892,90,330
395168,6900892,70,325
431168,6819892,80,40
431168,6823892,66,170
446168,6826892,80,72
446168,6838892,58,261
448168,6838892,75,68
448168,6842892,90,143
448168,6844892,62,245
448168,6857892,69,47
449168,6852892,75,45
449168,6857892,78,212
449168,6858892,61,210
464168,6868892,52,292
467168,6867892,83,108
467168,6868892,77,282
467168,6872892,68,277
468168,6866892,82,322
470168,6859892,69,220
471168,6857892,60,250
471168,6859892,54,242
471168,6860892,75,224
471168,6870892,79,95
471168,6875892,70,92
472168,6855892,59,233
472168,6856892,46,232
472168,6874892,72,260
472168,6877892,64,82
473168,6853892,62,223
473168,6854892,60,230
473168,6881892,72,80
474168,6853892,54,219
474168,6854892,67,210
474168,6855892,52,215
474168,6872892,70,300
475168,6852892,75,215
475168,6853892,57,222
475168,6854892,67,220
475168,6855892,74,210
475168,6874892,73,276
475168,6878892,90,274
475168,6880892,82,100
476168,6850892,73,262
476168,6853892,74,214
476168,6879892,84,142
477168,6848892,75,234
477168,6849892,60,250
477168,6850892,75,250
478168,6848892,72,242
478168,6878892,61,58
478168,6879892,72,30
479168,6847892,68,219
479168,6850892,67,260
479168,6852892,69,242
479168,6869892,72,262
479168,6877892,50,75
479168,6878892,58,68
480168,6846892,80,229
480168,6847892,80,224
480168,6848892,85,224
480168,6849892,74,227
480168,6867892,75,100
480168,6868892,75,90
480168,6870892,72,77
480168,6872892,75,85
481168,6845892,82,224
481168,6848892,19,335
481168,6866892,90,85
481168,6872892,69,75
481168,6874892,60,82
482168,6847892,71,39
482168,6848892,90,219
482168,6869892,82,102
482168,6874892,77,57
483168,6842892,66,224
483168,6851892,80,289
483168,6865892,70,275
483168,6868892,75,85
484168,6849892,69,80
484168,6850892,75,78
484168,6855892,78,290
484168,6856892,78,290
484168,6857892,72,302
484168,6870892,65,83
485168,6856892,63,301
485168,6860892,85,252
487168,6837892,82,100
488168,6832892,4,294
489168,6827892,78,76
489168,6829892,70,71
489168,6831892,77,85
489168,6833892,84,75
491168,6795892,80,120
491168,6825892,78,35
493168,6765892,43,124
493168,6766892,20,138
493168,6838892,90,290
494168,6796892,68,300
494168,6816892,56,245
494168,6820892,70,238
494168,6838892,61,140
496168,6769892,45,99
496168,6783892,90,110
496168,6786892,85,260
496168,6794892,68,76
496168,6800892,75,70
496168,6802892,75,260
496168,6804892,80,180
496168,6807892,90,250
496168,6812892,78,30
497168,6794892,77,89
497168,6796892,40,87
497168,6800892,80,234
497168,6801892,34,160
497168,6802892,75,70
497168,6803892,75,300
497168,6808892,82,234
497168,6816892,76,32
498168,6796892,65,80
498168,6799892,77,270
498168,6800892,70,60
498168,6805892,84,234
498168,6806892,76,219
498168,6807892,76,219
498168,6808892,80,60
498168,6809892,75,50
499168,6772892,70,352
499168,6778892,56,155
499168,6779892,65,156
499168,6784892,69,170
499168,6785892,80,95
499168,6786892,84,110
499168,6807892,80,229
499168,6810892,90,70
499168,6812892,84,54
499168,6813892,66,190
500168,6780892,71,192
500168,6796892,90,239
500168,6800892,60,247
500168,6801892,80,245
500168,6802892,80,250
500168,6803892,8,165
500168,6804892,90,244
500168,6805892,90,239
501168,6794892,90,100
501168,6795892,67,295
501168,6799892,60,250
501168,6800892,70,60
501168,6802892,85,65
501168,6803892,77,227
502168,6740892,44,190
502168,6770892,80,330
502168,6793892,85,255
502168,6794892,90,250
502168,6797892,14,351
502168,6798892,74,254
502168,6800892,71,239
503168,6775892,53,256
503168,6776892,66,260
503168,6778892,69,202
503168,6795892,69,46
503168,6796892,49,2
503168,6797892,79,46
503168,6799892,72,60
503168,6809892,69,55
504168,6776892,70,239
504168,6796892,71,30
504168,6797892,80,28
504168,6798892,70,45
505168,6780892,88,239
505168,6785892,90,55
505168,6786892,76,50
505168,6797892,69,358
505168,6798892,80,332
506168,6785892,77,70
506168,6802892,60,20
507168,6739892,74,238
507168,6798892,77,321
507168,6799892,58,300
507168,6800892,72,339
507168,6801892,83,180
507168,6802892,82,355
508168,6738892,60,219
508168,6779892,68,219
509168,6779892,70,49
509168,6780892,71,53
509168,6802892,64,138
509168,6803892,80,355
510168,6779892,82,52
510168,6780892,67,52
510168,6803892,90,0
511168,6780892,75,32
511168,6803892,75,347
512168,6741892,64,14
512168,6743892,75,290
512168,6940892,39,90
513168,6742892,90,228
513168,6743892,69,227
513168,6941892,44,110
513168,6942892,75,90
513168,6944892,80,95
513168,6945892,80,90
513168,6950892,48,96
514168,6742892,68,88
514168,6744892,76,85
514168,6745892,83,67
514168,6923892,77,98
514168,6930892,75,161
514168,6931892,90,350
514168,6955892,58,100
515168,6742892,76,238
515168,6957892,54,90
516168,6746892,58,243
516168,6756892,80,245
516168,6784892,69,21
516168,6785892,80,350
516168,6787892,69,335
517168,6756892,77,35
517168,6785892,76,15
518168,6737892,47,74
518168,6745892,19,179
518168,6750892,61,252
518168,6785892,74,12
519168,6750892,67,76
519168,6933892,77,352
520168,6742892,80,65
520168,6747892,80,250
520168,6783892,52,321
520168,6784892,49,335
520168,6785892,69,340
520168,6931892,90,300
520168,6934892,75,310
521168,6740892,77,72
521168,6744892,56,290
521168,6745892,60,295
521168,6782892,72,337
521168,6785892,63,337
521168,6930892,90,88
521168,6933892,82,294
521168,6934892,81,312
522168,6733892,67,204
522168,6734892,69,100
522168,6747892,69,285
522168,6787892,43,341
522168,6930892,80,45
522168,6932892,70,245
522168,6933892,50,239
522168,6934892,79,316
523168,6725892,75,45
523168,6732892,75,80
523168,6733892,70,94
523168,6786892,62,336
523168,6914892,52,130
523168,6928892,77,185
523168,6933892,90,60
523168,6936892,68,12
524168,6747892,17,335
524168,6783892,76,6
524168,6787892,59,313
524168,6788892,72,340
524168,6935892,75,326
525168,6777892,19,254
525168,6783892,28,354
525168,6787892,51,311
525168,6789892,69,340
525168,6910892,62,107
526168,6746892,20,25
526168,6747892,25,337
526168,6761892,72,219
526168,6782892,33,305
526168,6783892,56,31
526168,6787892,78,352
526168,6789892,82,3
527168,6739892,39,210
527168,6785892,80,221
527168,6788892,33,333
528168,6783892,60,184
528168,6785892,68,225
529168,6738892,16,230
529168,6740892,25,324
529168,6743892,0,0
529168,6782892,83,8
529168,6783892,52,204
530168,6738892,7,328
530168,6741892,17,11
530168,6783892,85,132
531168,6785892,64,335
532168,6741892,43,42
532168,6783892,54,125
533168,6739892,41,50
533168,6740892,52,54
533168,6783892,73,65
533168,6785892,72,358
533168,6787892,70,20
533168,6790892,54,223
535168,6783892,43,261
536168,6738892,41,40
537168,6788892,48,277
537168,6789892,48,262
540168,6785892,46,15
540168,6786892,58,305
541168,6784892,80,295
541168,6786892,61,263
542168,6786892,80,322
547168,6791892,73,20
565168,6818892,54,129
574168,6899892,74,300
575168,6900892,56,305
577168,6899892,39,20
579168,6901892,75,0
580168,6935892,85,95
581168,6895892,90,70
581168,6901892,22,98
581168,6902892,69,315
581168,6903892,70,280
581168,6930892,12,207
581168,6934892,90,295
582168,6934892,85,275
583168,6935892,69,130
584168,6936892,80,130
588168,6898892,60,270
588168,6900892,49,275
588168,6903892,80,239
588168,6932892,60,111
589168,6933892,85,100
589168,6936892,49,118
589168,6938892,65,155
591168,6936892,49,110
592168,6894892,73,245
601168,6950892,73,296
601168,6951892,70,300
602168,6951892,74,302
602168,6952892,72,309
603168,6936892,69,295
603168,6937892,84,297
603168,6938892,78,300
603168,6952892,49,302
604168,6804892,90,68
604168,6805892,69,72
604168,6947892,80,303
605168,6946892,90,318
605168,6947892,76,300
606168,6947892,80,272
606168,6948892,80,278
606168,6950892,72,293
607168,6807892,77,89
607168,6950892,75,290
608168,6945892,80,117
608168,6947892,90,273
608168,6950892,80,290
609168,6946892,80,300
609168,6947892,82,295
609168,6954892,72,298
609168,6955892,80,300
609168,6957892,80,298
610168,6948892,10,286
610168,6949892,49,112
610168,6953892,69,305
610168,6955892,80,293
611168,6950892,74,114
611168,6951892,65,115
611168,6953892,75,115
611168,6955892,13,227
612168,6952892,79,120
612168,6953892,80,115
612168,6954892,73,107
612168,6955892,40,8
613168,6953892,70,110
613168,6954892,74,126
613168,6956892,75,113
614168,6955892,6,264
614168,6956892,69,128
615168,6956892,75,120
616168,6795892,47,92
616168,6800892,85,280
617168,6790892,43,49
617168,6802892,80,280
617168,6803892,41,66
618168,6789892,41,60
618168,6800892,67,290
619168,6795892,61,243
622168,6956892,69,318
623168,6794892,19,239
623168,6957892,80,325
624168,6801892,90,66
624168,6957892,75,60
625168,6956892,80,60
626168,6880892,65,70
630168,6789892,55,172
630168,6790892,70,102
636168,6877892,75,197
638168,6881892,90,288
639168,6884892,33,289
642168,6885892,69,190
643168,6886892,80,261
647168,6841892,82,278
647168,6889892,67,274
647168,6916892,42,324
648168,6896892,35,271
