,SITEID,FEATURE,TYPE,STRUCTYPEI,STRIKE,DIP,DLAT,DLONG,EASTING,NORTHING,ZONE_,DIP_DIR,geometry
30,SFCTHU000374,"Bedding, showing strike and dip",inclined,BEIN,260,40.0,-28.91312,116.96926,497001.0,6801640.0,50,170.0,POINT (497001 6801640)
299,SFCTHU000044,"Bedding, showing strike and dip",inclined,BEIN,210,70.0,-28.92984,117.07611,507416.0,6799785.0,50,120.0,POINT (507416 6799785)
177,TJIYAL140252,"Bedding, showing strike and dip","way-up not known, inclined",BEWU,190,82.0,-28.19598,116.75097,475561.0,6881061.0,50,100.0,POINT (475561 6881061)
204,KPWCUE000488,"Bedding, showing strike and dip",inclined,BEIN,70,70.0,-27.69712,117.24818,524472.0,6936323.0,50,340.0,POINT (524472 6936323)
354,SFCTHU000248,"Bedding, showing strike and dip",inclined,BEIN,330,75.0,-28.89315,117.01055,501028.0,6803850.0,50,240.0,POINT (501028 6803850)
265,TJISIN120297,"Bedding, showing strike and dip","way-up not known, inclined",BEWU,70,70.0,-29.02285,117.25702,525029.0,6789457.0,50,340.0,POINT (525029 6789457)
464,TJISIN100028,"Bedding, showing strike and dip",inclined,BEIN,25,60.0,-29.41889,117.21767,521115.0,6745587.0,50,295.0,POINT (521115 6745587)
551,TJIROT140021,"Bedding, showing strike and dip","way-up not known, inclined",BEWU,140,84.0,-29.31818,117.17844,517325.0,6756747.0,50,50.0,POINT (517325 6756747)
55,TJISIN140100,"Bedding, showing strike and dip",inclined,BEIN,355,72.0,-29.43021,117.14058,513638.0,6744341.0,50,265.0,POINT (513638 6744341)
196,IXZBDJ001248,"Bedding, showing strike and dip",inclined,BEIN,166,68.0,-28.97176,116.95912,496020.0,6795140.0,50,76.0,POINT (496020 6795140)
137,SFCCGM000666,"Bedding, showing strike and dip",vertical,BEVE,320,90.0,-28.49476,116.8137,481764.0,6847977.0,50,230.0,POINT (481764 6847977)
29,TJIROT140013,"Bedding, showing strike and dip",inclined,BEIN,335,80.0,-29.31731,117.1709,516596.0,6756844.0,50,245.0,POINT (516596 6756844)
353,TJIDAL180107,"Bedding, showing strike and dip",inclined,BEIN,251,75.0,-27.74717,117.1448,514269.0,6930799.0,50,161.0,POINT (514269 6930799)
368,TJISIN120031,"Bedding, showing strike and dip",inclined,BEIN,22,67.0,-29.22902,116.92956,493157.0,6766636.0,50,292.0,POINT (493157 6766636)
101,SFCTHU000043,"Bedding, showing strike and dip",inclined,BEIN,40,75.0,-28.92892,117.07635,507444.0,6799886.0,50,310.0,POINT (507444 6799886)
320,SFCCGM000680,"Bedding, showing strike and dip",inclined,BEIN,325,75.0,-28.48813,116.76777,477271.0,6848699.0,50,235.0,POINT (477271 6848699)
502,TJIWIN100064,"Bedding, showing strike and dip","way-up not known, inclined",BEWU,333,62.0,-28.95864,118.22759,619617.0,6795974.0,50,243.0,POINT (619617 6795974)
409,TJIDAL180114,"Bedding, showing strike and dip","way-up not known, inclined",BEWU,95,80.0,-27.71939,117.19207,518932.0,6933864.0,50,5.0,POINT (518932 6933864)
82,SFCWYN000284,"Bedding, showing strike and dip",inclined,BEIN,212,70.0,-27.51613,118.15096,613671.0,6955869.0,50,122.0,POINT (613671 6955869)
235,SFCCGM000740,"Bedding, showing strike and dip",inclined,BEIN,322,55.0,-28.42177,116.71238,471831.0,6856044.0,50,232.0,POINT (471831 6856044)
433,SFCCGM000482,"Bedding, showing strike and dip",inclined,BEIN,310,72.0,-28.43989,116.75233,475746.0,6854040.0,50,220.0,POINT (475746 6854040)
477,SFCCGY000051,"Bedding, showing strike and dip",inclined,BEIN,19,80.0,-28.45735,116.83125,483480.0,6852124.0,50,289.0,POINT (483480 6852124)
76,SFCTHU000148,"Bedding, showing strike and dip",inclined,BEIN,130,78.0,-28.96035,117.03241,503160.0,6796410.0,50,40.0,POINT (503160 6796410)
218,SFCWYN000224,"Bedding, showing strike and dip",inclined,BEIN,190,73.0,-27.52285,118.13372,611961.0,6955142.0,50,100.0,POINT (611961 6955142)
280,SFCTHU000058,"Bedding, showing strike and dip",inclined,BEIN,85,80.0,-28.94683,117.05358,505221.0,6797907.0,50,355.0,POINT (505221 6797907)
585,TJISIN120314,"Bedding, showing strike and dip",vertical,BEVE,100,90.0,-29.02149,117.26587,525889.0,6789602.0,50,10.0,POINT (525889 6789602)
432,SFCTHU000009,"Bedding, showing strike and dip",vertical,BEVE,90,90.0,-28.89678,117.1078,510508.0,6803445.0,50,0.0,POINT (510508 6803445)
234,IXZCHL000008,"Bedding, showing strike and dip",inclined,BEIN,160,65.0,-28.1951,118.28773,626389.0,6880516.0,50,70.0,POINT (626389 6880516)
352,SFCWYN000216,"Bedding, showing strike and dip",inclined,BEIN,205,75.0,-27.53289,118.12886,611470.0,6954030.0,50,115.0,POINT (611470 6954030)
2,AHHKIR002495,"Bedding, showing strike and dip",inclined,BEIN,360,80.0,-28.06782,117.93734,592108.0,6894930.0,50,270.0,POINT (592108 6894930)
554,SFCTHU000105,"Bedding, showing strike and dip",inclined,BEIN,330,65.0,-28.91684,117.02377,502318.0,6801228.0,50,240.0,POINT (502318 6801228)
564,TJISIN120041,"Bedding, showing strike and dip",inclined,BEIN,122,75.0,-29.10405,117.11111,510810.0,6780485.0,50,32.0,POINT (510810 6780485)
70,TJIYAL140044,"Bedding, showing strike and dip","way-up not known, inclined",BEWU,158,58.0,-28.21503,116.78556,478956.0,6878960.0,50,68.0,POINT (478956 6878960)
335,TJIGGR130113,"Bedding, showing strike and dip","way-up not known, inclined",BEWU,6,77.0,-28.62798,116.8806,488329.0,6833221.0,50,276.0,POINT (488329 6833221)
298,SFCTHU000355,"Bedding, showing strike and dip",inclined,BEIN,160,75.0,-28.92411,116.96472,496560.0,6800421.0,50,70.0,POINT (496560 6800421)
110,AHHMGI002902,"Bedding, showing strike and dip",inclined,BEIN,210,70.0,-29.52177,117.23531,522804.0,6734182.0,50,120.0,POINT (522804 6734182)
72,TJISIN120295,"Bedding, showing strike and dip","way-up not known, inclined",BEWU,70,72.0,-29.03123,117.25104,524441.0,6788526.0,50,340.0,POINT (524441 6788526)
434,TJISIN120259,"Bedding, showing strike and dip",inclined,BEIN,295,80.0,-29.079523,117.268892,526170.0,6783177.0,50,205.0,POINT (526170 6783177)
165,KPWCUE000281,"Bedding, showing strike and dip",vertical,BEVE,80,90.0,-27.73852,117.14434,514225.0,6931751.0,50,350.0,POINT (514225 6931751)
257,SFCTHU000206,"Bedding, showing strike and dip",inclined,BEIN,345,85.0,-28.98304,117.01805,501758.0,6793896.0,50,255.0,POINT (501758 6793896)
210,SFCWYN000131,"Bedding, showing strike and dip",inclined,BEIN,25,80.0,-27.56948,118.11704,610268.0,6949991.0,50,295.0,POINT (610268 6949991)
312,TJIYAL140038,"Bedding, showing strike and dip","way-up not known, inclined",BEWU,120,72.0,-28.20848,116.78001,478409.0,6879682.0,50,30.0,POINT (478409 6879682)
78,TJIYAL140080,"Bedding, showing strike and dip","overturned, inclined",BEOI,352,80.0,-28.24873,116.74588,475073.0,6875220.0,50,262.0,POINT (475073 6875220)
526,TJISIN120528,"Bedding, showing strike and dip","way-up not known, inclined",BEWU,350,66.0,-29.13481,117.03353,503260.0,6777080.0,50,260.0,POINT (503260 6777080)
362,SFCTHU000138,"Bedding, showing strike and dip",inclined,BEIN,135,78.0,-28.95628,117.04,503897.0,6796860.0,50,45.0,POINT (503897 6796860)
429,TJITAL180003,"Bedding, showing strike and dip",vertical,BEVE,245,90.0,-28.1302,115.67551,369922.0,6887663.0,50,155.0,POINT (369922 6887663)
63,KPWCUE000517,"Bedding, showing strike and dip",inclined,BEIN,40,75.0,-27.71031,117.20826,520532.0,6934871.0,50,310.0,POINT (520532 6934871)
181,TJIYAL140302,"Bedding, showing strike and dip","overturned, inclined",BEOI,12,77.0,-28.30784,116.66125,466790.0,6868649.0,50,282.0,POINT (466790 6868649)
556,SFCWYN000047,"Bedding, showing strike and dip",inclined,BEIN,25,80.0,-27.67618,118.04143,602702.0,6938237.0,50,295.0,POINT (602702 6938237)
365,SFCTHU000274,"Bedding, showing strike and dip",inclined,BEIN,150,80.0,-28.84484,116.9792,497971.0,6809207.0,50,60.0,POINT (497971 6809207)
523,KPWCUE000495,"Bedding, showing strike and dip",vertical,BEVE,150,90.0,-27.71897,117.23247,522914.0,6933908.0,50,60.0,POINT (522914 6933908)
589,TJIGGR130173,"Bedding, showing strike and dip","way-up not known, inclined",BEWU,166,78.0,-28.68013,116.89289,489538.0,6827446.0,50,76.0,POINT (489538 6827446)
10,IXZBDJ000914,"Bedding, showing strike and dip",inclined,BEIN,130,80.0,-28.74728,116.29944,431600.0,6819810.0,50,40.0,POINT (431600 6819810)
436,TJITAL180015,"Bedding, showing strike and dip","way-up not known, inclined",BEWU,53,83.0,-28.13045,115.67287,369663.0,6887635.0,50,323.0,POINT (369663 6887635)
86,AHHKIR002493,"Bedding, showing strike and dip",inclined,BEIN,5,50.0,-28.01583,117.90018,588496.0,6900721.0,50,275.0,POINT (588496 6900721)
182,SFCTHU000008,"Bedding, showing strike and dip",inclined,BEIN,78,75.0,-28.89673,117.1104,510764.0,6803451.0,50,348.0,POINT (510764 6803451)
541,TJISIN140081,"Bedding, showing strike and dip",inclined,BEIN,334,58.0,-29.40882,117.16341,515853.0,6746707.0,50,244.0,POINT (515853 6746707)
6,TJISIN120837,"Bedding, showing strike and dip",vertical,BEVE,145,90.0,-29.0528,117.04863,504736.0,6786164.0,50,55.0,POINT (504736 6786164)
500,SFCTHU000116,"Bedding, showing strike and dip",inclined,BEIN,150,80.0,-28.94633,117.02848,502775.0,6797959.0,50,60.0,POINT (502775 6797959)
81,TJIWIN100013,"Bedding, showing strike and dip",inclined,BEIN,58,40.0,-28.15402,118.4166,639091.0,6884927.0,50,328.0,POINT (639091 6884927)
590,SFCTHU000236,"Bedding, showing strike and dip",inclined,BEIN,335,80.0,-28.90974,117.00426,500413.0,6802015.0,50,245.0,POINT (500413 6802015)
195,SFCTHU000113,"Bedding, showing strike and dip",inclined,BEIN,337,60.0,-28.92272,117.00375,500363.0,6800574.0,50,247.0,POINT (500363 6800574)
77,TJISIN120827,"Bedding, showing strike and dip",inclined,BEIN,160,77.0,-29.05872,117.05904,505745.0,6785509.0,50,70.0,POINT (505745 6785509)
290,TJIYAL140343,"Bedding, showing strike and dip","way-up not known, inclined",BEWU,22,53.0,-28.306042,116.638274,464537.0,6868840.0,50,292.0,POINT (464537 6868840)
284,AHHCUE002179,"Bedding, showing strike and dip",inclined,BEIN,10,70.0,-27.98669,117.823,580931.0,6903999.0,50,280.0,POINT (580931 6903999)
367,SFCCGM000602,"Bedding, showing strike and dip",inclined,BEIN,310,55.0,-28.43762,116.74523,475050.0,6854293.0,50,220.0,POINT (475050 6854293)
131,SFCWYN000133,"Bedding, showing strike and dip",inclined,BEIN,204,70.0,-27.56985,118.11805,610369.0,6949945.0,50,114.0,POINT (610369 6949945)
562,KPWNGH004537,"Bedding, showing strike and dip",inclined,BEIN,110,80.0,-29.11009,117.09188,508942.0,6779813.0,50,20.0,POINT (508942 6779813)
530,CMDTOP000062,"Bedding, showing strike and dip",vertical,BEVE,330,90.0,-28.7585,117.66903,565316.0,6818583.0,50,240.0,POINT (565316 6818583)
104,TJIDAL180036,"Bedding, showing strike and dip",inclined,BEIN,188,77.0,-27.81327,117.14523,514305.0,6923475.0,50,98.0,POINT (514305 6923475)
481,TJIWIN100096,"Bedding, showing strike and dip","way-up not known, inclined",BEWU,139,44.0,-29.00467,118.20443,617309.0,6790899.0,50,49.0,POINT (617309 6790899)
318,SFCWYN000175,"Bedding, showing strike and dip",inclined,BEIN,20,75.0,-27.55908,118.08131,606748.0,6951171.0,50,290.0,POINT (606748 6951171)
478,SFCTHU000267,"Bedding, showing strike and dip",inclined,BEIN,335,80.0,-28.871806,116.983962,498436.0,6806217.0,50,245.0,POINT (498436 6806217)
545,KPWCUE000493,"Bedding, showing strike and dip",inclined,BEIN,90,70.0,-27.68936,117.2373,523400.0,6937189.0,50,0.0,POINT (523400 6937189)
73,SFCWYN000157,"Bedding, showing strike and dip",inclined,BEIN,20,80.0,-27.55986,118.09614,608212.0,6951076.0,50,290.0,POINT (608212 6951076)
39,KPWCUE000492,"Bedding, showing strike and dip",inclined,BEIN,120,65.0,-27.69105,117.23598,523270.0,6936999.0,50,30.0,POINT (523270 6936999)
118,TJIWIN100014,"Bedding, showing strike and dip",inclined,BEIN,340,40.0,-28.15431,118.4168,639113.0,6884895.0,50,250.0,POINT (639113 6884895)
557,TJISIN120532,"Bedding, showing strike and dip","way-up not known, inclined",BEWU,330,70.0,-29.13391,117.0452,504397.0,6777175.0,50,240.0,POINT (504397 6777175)
249,SFCCGM000743,"Bedding, showing strike and dip",inclined,BEIN,305,52.0,-28.41903,116.73866,474406.0,6856348.0,50,215.0,POINT (474406 6856348)
582,SFCREE000002,"Bedding, showing strike and dip",inclined,BEIN,28,80.0,-27.50007,118.10987,609629.0,6957684.0,50,298.0,POINT (609629 6957684)
424,SFCCGY000068,"Bedding, showing strike and dip",inclined,BEIN,23,78.0,-28.42027,116.84206,484529.0,6856232.0,50,293.0,POINT (484529 6856232)
356,KPWCUE000505,"Bedding, showing strike and dip",vertical,BEVE,15,90.0,-27.7187,117.2242,522101.0,6933935.0,50,285.0,POINT (522101 6933935)
60,TJISIN120669,"Bedding, showing strike and dip","way-up not known, inclined",BEWU,235,40.0,-29.12565,117.25706,525010.0,6778069.0,50,145.0,POINT (525010 6778069)
511,SFCTHU000036,"Bedding, showing strike and dip",inclined,BEIN,80,65.0,-28.91942,117.07114,506936.0,6800940.0,50,350.0,POINT (506936 6800940)
555,SFCTHU000135,"Bedding, showing strike and dip",inclined,BEIN,115,83.0,-28.95826,117.038,503701.0,6796638.0,50,25.0,POINT (503701 6796638)
277,TJIGGR130143,"Bedding, showing strike and dip","way-up not known, inclined",BEWU,175,78.0,-28.63806,116.89125,489371.0,6832111.0,50,85.0,POINT (489371 6832111)
463,KPWCUE000319,"Bedding, showing strike and dip",inclined,BEIN,180,75.0,-27.6346,117.13352,513170.0,6943265.0,50,90.0,POINT (513170 6943265)
11,TJIYAL140045,"Bedding, showing strike and dip","way-up not known, inclined",BEWU,186,54.0,-28.2238,116.78987,479385.0,6877989.0,50,96.0,POINT (479385 6877989)
344,SFCTHU000389,"Bedding, showing strike and dip",inclined,BEIN,170,65.0,-28.951966,116.981641,498213.0,6797337.0,50,80.0,POINT (498213 6797337)
83,TJISIN120670,"Bedding, showing strike and dip",inclined,BEIN,28,62.0,-29.12607,117.25788,525088.0,6778018.0,50,298.0,POINT (525088 6778018)
90,SFCTHU000136,"Bedding, showing strike and dip",inclined,BEIN,320,70.0,-28.95792,117.03882,503785.0,6796676.0,50,230.0,POINT (503785 6796676)
209,KPWCUE000519,"Bedding, showing strike and dip",inclined,BEIN,40,80.0,-27.70957,117.21254,520956.0,6934953.0,50,310.0,POINT (520956 6934953)
163,SFCTHU000025,"Bedding, showing strike and dip",inclined,BEIN,85,80.0,-28.89658,117.09032,508804.0,6803472.0,50,355.0,POINT (508804 6803472)
544,TJIWIN000199,"Bedding, showing strike and dip",inclined,BEIN,280,70.0,-28.14426,118.44684,642075.0,6885971.0,50,190.0,POINT (642075 6885971)
79,SFCTHU000336,"Bedding, showing strike and dip",inclined,BEIN,150,70.0,-28.893316,116.999641,499966.0,6803837.0,50,60.0,POINT (499966 6803837)
370,KPWCUE000512,"Bedding, showing strike and dip",vertical,BEVE,60,90.0,-27.71382,117.2161,521305.0,6934483.0,50,330.0,POINT (521305 6934483)
506,SFCTHU000272,"Bedding, showing strike and dip",inclined,BEIN,325,80.0,-28.859007,116.989286,498955.0,6807633.0,50,235.0,POINT (498955 6807633)
278,IXZBDJ001177,"Bedding, showing strike and dip",inclined,BEIN,260,66.0,-28.71477,116.29103,430756.0,6823411.0,50,170.0,POINT (430756 6823411)
176,SFCTHU000156,"Bedding, showing strike and dip",inclined,BEIN,140,70.0,-28.96419,117.03644,503550.0,6795984.0,50,50.0,POINT (503550 6795984)
145,SFCCGM000585,"Bedding, showing strike and dip",inclined,BEIN,320,70.0,-28.48055,116.7966,480091.0,6849548.0,50,230.0,POINT (480091 6849548)
301,TJIYAL140291,"Bedding, showing strike and dip","way-up not known, inclined",BEWU,198,83.0,-28.31289,116.66731,467381.0,6868092.0,50,108.0,POINT (467381 6868092)
346,SFCTHU000277,"Bedding, showing strike and dip",inclined,BEIN,140,75.0,-28.84248,116.98072,498122.0,6809467.0,50,50.0,POINT (498122 6809467)
158,SFCTHU000054,"Bedding, showing strike and dip",inclined,BEIN,135,80.0,-28.94265,117.03937,503836.0,6798365.0,50,45.0,POINT (503836 6798365)
302,KPWCUE000036,"Bedding, showing strike and dip",inclined,BEIN,245,65.0,-27.67179,117.90098,588855.0,6938829.0,50,155.0,POINT (588855 6938829)
264,SFCWYN000234,"Bedding, showing strike and dip",inclined,BEIN,45,80.0,-27.52006,118.12564,611166.0,6955454.0,50,315.0,POINT (611166 6955454)
188,TJISIN120471,"Bedding, showing strike and dip",inclined,BEIN,81,52.0,-29.05068,117.2217,521581.0,6786379.0,50,351.0,POINT (521581 6786379)
533,TJISIN120458,"Bedding, showing strike and dip","way-up not known, inclined",BEWU,65,52.0,-29.04207,117.23867,523239.0,6787328.0,50,335.0,POINT (523239 6787328)
208,KPWCUE000104,"Bedding, showing strike and dip",inclined,BEIN,208,50.0,-27.68669,117.89985,588730.0,6937179.0,50,118.0,POINT (588730 6937179)
546,TJISIN121008,"Bedding, showing strike and dip","way-up not known, inclined",BEWU,222,85.0,-29.07529,117.30977,530153.0,6783630.0,50,132.0,POINT (530153 6783630)
9,SFCCGM000742,"Bedding, showing strike and dip",inclined,BEIN,322,46.0,-28.41789,116.7157,472155.0,6856470.0,50,232.0,POINT (472155 6856470)
199,SFCTHU000459,"Bedding, showing strike and dip",inclined,BEIN,350,85.0,-29.04758,116.96021,496129.0,6786742.0,50,260.0,POINT (496129 6786742)
184,SFCTHU000173,"Bedding, showing strike and dip",inclined,BEIN,340,80.0,-28.93567,117.02671,502602.0,6799139.0,50,250.0,POINT (502602 6799139)
453,SFCCGM000706,"Bedding, showing strike and dip",inclined,BEIN,353,70.0,-28.47049,116.75678,476191.0,6850652.0,50,263.0,POINT (476191 6850652)
364,TJIWIN090307,"Bedding, showing strike and dip","way-up not known, inclined",BEWU,162,70.0,-28.86833,118.07053,604403.0,6806134.0,50,72.0,POINT (604403 6806134)
580,TJISIN140080,"Bedding, showing strike and dip",inclined,BEIN,358,72.0,-29.41504,117.1891,518342.0,6746017.0,50,268.0,POINT (518342 6746017)
228,SFCWYN000318,"Bedding, showing strike and dip",inclined,BEIN,25,70.0,-27.52918,118.11041,609651.0,6954459.0,50,295.0,POINT (609651 6954459)
84,TJIYAL130442,"Bedding, showing strike and dip","way-up not known, inclined",BEWU,137,70.0,-28.40046,116.47578,448651.0,6858321.0,50,47.0,POINT (448651 6858321)
140,SFCTHU000017,"Bedding, showing strike and dip",inclined,BEIN,218,70.0,-28.90536,117.09404,509166.0,6802494.0,50,128.0,POINT (509166 6802494)
394,KPWCUE000064,"Bedding, showing strike and dip",inclined,BEIN,5,85.0,-27.71007,117.83444,582266.0,6934635.0,50,275.0,POINT (582266 6934635)
155,TJISIN120884,"Bedding, showing strike and dip","way-up not known, inclined",BEWU,9,62.0,-29.0285,117.37722,536733.0,6788798.0,50,279.0,POINT (536733 6788798)
550,SFCWYN000077,"Bedding, showing strike and dip",inclined,BEIN,33,80.0,-27.58564,118.06022,604641.0,6948250.0,50,303.0,POINT (604641 6948250)
132,IXZBDJ000560,"Bedding, showing strike and dip",inclined,BEIN,315,82.0,-28.85805,116.98643,498676.0,6807741.0,50,225.0,POINT (498676 6807741)
450,SFCWYN000260,"Bedding, showing strike and dip",inclined,BEIN,217,80.0,-27.5239,118.14743,613312.0,6955009.0,50,127.0,POINT (613312 6955009)
287,SFCCGM000601,"Bedding, showing strike and dip",inclined,BEIN,310,55.0,-28.43898,116.74011,474551.0,6854139.0,50,220.0,POINT (474551 6854139)
153,SFCWYN000145,"Bedding, showing strike and dip",inclined,BEIN,206,72.0,-27.55272,118.12705,611274.0,6951835.0,50,116.0,POINT (611274 6951835)
109,SFCTHU000478,"Bedding, showing strike and dip",inclined,BEIN,200,84.0,-29.04589,116.99556,499570.0,6786933.0,50,110.0,POINT (499570 6786933)
566,KPWTLR004714,"Bedding, showing strike and dip",vertical,BEVE,45,90.0,-28.08336,115.60585,363019.0,6892779.0,50,315.0,POINT (363019 6892779)
311,SFCWYN000132,"Bedding, showing strike and dip",inclined,BEIN,204,75.0,-27.56982,118.11749,610312.0,6949952.0,50,114.0,POINT (610312 6949952)
247,KPWCUE000491,"Bedding, showing strike and dip",inclined,BEIN,90,80.0,-27.69259,117.23494,523162.0,6936827.0,50,0.0,POINT (523162 6936827)
135,SFCTHU000481,"Bedding, showing strike and dip",inclined,BEIN,185,80.0,-29.05753,116.99412,499426.0,6785638.0,50,95.0,POINT (499426 6785638)
447,TJISIN120094,"Bedding, showing strike and dip",inclined,BEIN,60,80.0,-29.18868,117.02135,502078.0,6771107.0,50,330.0,POINT (502078 6771107)
281,TJISIN100011,"Bedding, showing strike and dip",inclined,BEIN,58,16.0,-29.45522,117.31108,530163.0,6741535.0,50,328.0,POINT (530163 6741535)
75,TJISIN120352,"Bedding, showing strike and dip",inclined,BEIN,67,72.0,-29.083207,117.218563,521273.0,6782774.0,50,337.0,POINT (521273 6782774)
92,TJISIN120273,"Bedding, showing strike and dip",inclined,BEIN,121,56.0,-29.069197,117.26907,526189.0,6784319.0,50,31.0,POINT (526189 6784319)
291,AHHMGI002904,"Bedding, showing strike and dip",inclined,BEIN,240,60.0,-29.52084,117.2262,521921.0,6734285.0,50,150.0,POINT (521921 6734285)
68,SFCWYN000072,"Bedding, showing strike and dip",inclined,BEIN,30,70.0,-27.59041,118.06809,605417.0,6947717.0,50,300.0,POINT (605417 6947717)
15,TJISIN140123,"Bedding, showing strike and dip",vertical,BEVE,318,90.0,-29.44257,117.13999,513575.0,6742970.0,50,228.0,POINT (513575 6742970)
148,IXZBDJ000446,"Bedding, showing strike and dip",strike and dip estimated from aerial photography vertical,BEPV,20,90.0,-28.57467,116.92949,493102.0,6839134.0,50,290.0,POINT (493102 6839134)
238,SFCTHU000055,"Bedding, showing strike and dip",vertical,BEVE,110,90.0,-28.94447,117.04441,504327.0,6798168.0,50,20.0,POINT (504327 6798168)
88,SFCTHU000224,"Bedding, showing strike and dip",inclined,BEIN,355,80.0,-28.96432,117.01359,501323.0,6795966.0,50,265.0,POINT (501323 6795966)
520,CXPNIN000897,"Bedding, showing strike and dip",inclined,BEIN,136,65.0,-29.09735,117.09868,509601.0,6781222.0,50,46.0,POINT (509601 6781222)
117,SFCTHU000372,"Bedding, showing strike and dip",inclined,BEIN,150,70.0,-28.92351,116.98415,498453.0,6800492.0,50,60.0,POINT (498453 6800492)
377,KPWCUE000362,"Bedding, showing strike and dip",inclined,BEIN,180,55.0,-27.50645,117.15062,514877.0,6957460.0,50,90.0,POINT (514877 6957460)
400,SFCCGM000112,"Bedding, showing strike and dip",inclined,BEIN,192,82.0,-28.29786,116.81834,482186.0,6869787.0,50,102.0,POINT (482186 6869787)
33,TJISIN120887,"Bedding, showing strike and dip","way-up not known, inclined",BEWU,40,55.0,-29.04446,117.41835,540732.0,6787019.0,50,310.0,POINT (540732 6787019)
0,CXPNIN000883,"Bedding, showing strike and dip",inclined,BEIN,150,85.0,-29.11085,117.09885,509616.0,6779730.0,50,60.0,POINT (509616 6779730)
587,SFCWYN000246,"Bedding, showing strike and dip",inclined,BEIN,210,78.0,-27.53886,118.13461,612035.0,6953364.0,50,120.0,POINT (612035 6953364)
518,TJIRSY000106,"Bedding, showing strike and dip","way-up not known, inclined",BEWU,290,80.0,-29.10332,117.00584,500569.0,6780566.0,50,200.0,POINT (500569 6780566)
340,TJIGGR130101,"Bedding, showing strike and dip","way-up not known, inclined",BEWU,165,84.0,-28.62232,116.88764,489017.0,6833850.0,50,75.0,POINT (489017 6833850)
496,SFCTHU000046,"Bedding, showing strike and dip",inclined,BEIN,30,70.0,-28.93743,117.07143,506963.0,6798947.0,50,300.0,POINT (506963 6798947)
231,TJISIN120679,"Bedding, showing strike and dip",inclined,BEIN,330,88.0,-29.09963,117.04861,504728.0,6780977.0,50,240.0,POINT (504728 6780977)
485,CMDTOP000062,"Bedding, showing strike and dip",inclined,BEIN,332,70.0,-28.7585,117.66903,565316.0,6818583.0,50,242.0,POINT (565316 6818583)
22,TJIYAL120005,"Bedding, showing strike and dip",inclined,BEIN,185,79.0,-28.28927,116.70831,471397.0,6870718.0,50,95.0,POINT (471397 6870718)
592,TJISIN120888,"Bedding, showing strike and dip","way-up not known, inclined",BEWU,348,69.0,-29.04531,117.41927,540821.0,6786924.0,50,258.0,POINT (540821 6786924)
116,SFCCGM000518,"Bedding, showing strike and dip",inclined,BEIN,315,75.0,-28.38225,116.7036,470961.0,6860415.0,50,225.0,POINT (470961 6860415)
89,TJISIN120623,"Bedding, showing strike and dip","way-up not known, inclined",BEWU,312,80.0,-29.05468,117.28335,527582.0,6785922.0,50,222.0,POINT (527582 6785922)
192,SFCWYN000238,"Bedding, showing strike and dip",inclined,BEIN,230,80.0,-27.51677,118.12874,611475.0,6955820.0,50,140.0,POINT (611475 6955820)
467,TJISIN100018,"Bedding, showing strike and dip",strike and dip estimated from aerial photography 16-45,BEP2,208,0.0,-29.43345,117.30031,529125.0,6743950.0,50,118.0,POINT (529125 6743950)
18,TJISIN140164,"Bedding, showing strike and dip","way-up not known, inclined",BEWU,280,45.0,-29.45905,117.02505,502428.0,6741156.0,50,190.0,POINT (502428 6741156)
360,TJISIN140157,"Bedding, showing strike and dip","way-up not known, inclined",BEWU,328,74.0,-29.47078,117.07574,507344.0,6739853.0,50,238.0,POINT (507344 6739853)
552,SFCTHU000053,"Bedding, showing strike and dip",inclined,BEIN,135,70.0,-28.94172,117.04063,503959.0,6798473.0,50,45.0,POINT (503959 6798473)
144,TJISIN170003,"Bedding, showing strike and dip",inclined,BEIN,115,21.0,-29.405905,117.274302,526609.0,6747010.0,50,25.0,POINT (526609 6747010)
363,TJISIN120890,"Bedding, showing strike and dip","way-up not known, inclined",BEWU,5,70.0,-29.04602,117.41957,540849.0,6786841.0,50,275.0,POINT (540849 6786841)
271,AHHKIR003129,"Bedding, showing strike and dip",vertical,BEVE,45,90.0,-28.9335,117.07012,506835.0,6799379.0,50,315.0,POINT (506835 6799379)
536,TJIYAL140019,"Bedding, showing strike and dip","way-up not known, inclined",BEWU,172,64.0,-28.22371,116.71386,471925.0,6877980.0,50,82.0,POINT (471925 6877980)
355,IXZBDJ001252,"Bedding, showing strike and dip",inclined,BEIN,167,62.0,-28.9603,116.97215,497287.0,6796410.0,50,77.0,POINT (497287 6796410)
245,TJIGGR130295,"Bedding, showing strike and dip","way-up not known, inclined",BEWU,144,84.0,-28.80905,116.99525,499536.0,6813168.0,50,54.0,POINT (499536 6813168)
227,SFCCGM000491,"Bedding, showing strike and dip",inclined,BEIN,305,75.0,-28.44607,116.74265,474799.0,6853353.0,50,215.0,POINT (474799 6853353)
211,SFCCGM000455,"Bedding, showing strike and dip",inclined,BEIN,310,68.0,-28.49903,116.78724,479180.0,6847496.0,50,220.0,POINT (479180 6847496)
395,SFCWYN000066,"Bedding, showing strike and dip",vertical,BEVE,48,90.0,-27.59959,118.06883,605482.0,6946694.0,50,318.0,POINT (605482 6946694)
167,SFCTHU000042,"Bedding, showing strike and dip",inclined,BEIN,20,75.0,-28.92761,117.0757,507377.0,6800032.0,50,290.0,POINT (507377 6800032)
54,TJISIN120842,"Bedding, showing strike and dip",inclined,BEIN,140,76.0,-29.04423,117.04919,504792.0,6787116.0,50,50.0,POINT (504792 6787116)
559,KPWNGH004539,"Bedding, showing strike and dip",inclined,BEIN,275,60.0,-29.07394,117.29406,528619.0,6783787.0,50,185.0,POINT (528619 6783787)
46,TJISIN120611,"Bedding, showing strike and dip","way-up not known, inclined",BEWU,80,77.0,-29.03258,117.27027,526316.0,6788375.0,50,350.0,POINT (526316 6788375)
93,TJIWIN100082,"Bedding, showing strike and dip","way-up not known, inclined",BEWU,182,47.0,-28.96178,118.19536,616476.0,6795663.0,50,92.0,POINT (616476 6795663)
261,SFCBAD000004,"Bedding, showing strike and dip",inclined,BEIN,320,80.0,-28.50617,116.79565,480000.0,6846704.0,50,230.0,POINT (480000 6846704)
108,KPWCUE000048,"Bedding, showing strike and dip",inclined,BEIN,200,50.0,-27.68985,117.92672,591378.0,6936811.0,50,110.0,POINT (591378 6936811)
531,TJIWIN090434,"Bedding, showing strike and dip","way-up not known, inclined",BEWU,1,35.0,-28.04526,118.5062,648040.0,6896870.0,50,271.0,POINT (648040 6896870)
593,IXZBDJ000558,"Bedding, showing strike and dip",vertical,BEVE,160,90.0,-28.83254,116.99128,499150.0,6810566.0,50,70.0,POINT (499150 6810566)
483,TJISIN120970,"Bedding, showing strike and dip","way-up not known, inclined",BEWU,313,55.0,-29.01306,117.34011,533122.0,6790522.0,50,223.0,POINT (533122 6790522)
431,SFCWYN000207,"Bedding, showing strike and dip",inclined,BEIN,35,70.0,-27.53103,118.11735,610334.0,6954250.0,50,305.0,POINT (610334 6954250)
272,TJIYAL130407,"Bedding, showing strike and dip","way-up not known, inclined",BEWU,135,75.0,-28.45314,116.47745,448839.0,6852488.0,50,45.0,POINT (448839 6852488)
375,TJISIN120069,"Bedding, showing strike and dip",inclined,BEIN,138,74.0,-29.10406,117.1001,509740.0,6780479.0,50,48.0,POINT (509740 6780479)
212,KPWTLR004715,"Bedding, showing strike and dip",vertical,BEVE,40,90.0,-28.08367,115.60225,362670.0,6892737.0,50,310.0,POINT (362670 6892737)
537,SFCCGM000530,"Bedding, showing strike and dip",inclined,BEIN,300,60.0,-28.4302,116.73737,474279.0,6855110.0,50,210.0,POINT (474279 6855110)
334,KPWCUE000343,"Bedding, showing strike and dip",inclined,BEIN,186,48.0,-27.56753,117.13555,513382.0,6950697.0,50,96.0,POINT (513382 6950697)
586,SFCREE000683,"Bedding, showing strike and dip",inclined,BEIN,150,80.0,-27.50365,118.26242,624692.0,6957146.0,50,60.0,POINT (624692 6957146)
69,SFCWYN000048,"Bedding, showing strike and dip",vertical,BEVE,30,90.0,-27.67622,118.04191,602752.0,6938231.0,50,300.0,POINT (602752 6938231)
578,SFCCGM000091,"Bedding, showing strike and dip",inclined,BEIN,173,65.0,-28.29098,116.83888,484201.0,6870551.0,50,83.0,POINT (484201 6870551)
398,SFCCGM000684,"Bedding, showing strike and dip",inclined,BEIN,325,65.0,-28.48279,116.77779,478252.0,6849297.0,50,235.0,POINT (478252 6849297)
275,KPWCUE000066,"Bedding, showing strike and dip",vertical,BEVE,25,90.0,-27.70882,117.82435,581273.0,6934781.0,50,295.0,POINT (581273 6934781)
532,SFCCGM000739,"Bedding, showing strike and dip",inclined,BEIN,325,65.0,-28.42492,116.71449,472039.0,6855695.0,50,235.0,POINT (472039 6855695)
457,TJISIN120629,"Bedding, showing strike and dip","way-up not known, inclined",BEWU,315,68.0,-29.05893,117.28813,528049.0,6785451.0,50,225.0,POINT (528049 6785451)
250,SFCTHU000295,"Bedding, showing strike and dip",vertical,BEVE,340,90.0,-28.85819,116.9582,495921.0,6807728.0,50,250.0,POINT (495921 6807728)
149,TJIWIN000242,"Bedding, showing strike and dip",inclined,BEIN,330,20.0,-28.96926,118.26356,623111.0,6794762.0,50,240.0,POINT (623111 6794762)
124,SFCCGL000029,"Bedding, showing strike and dip",inclined,BEIN,190,75.0,-28.31932,116.80251,480639.0,6867411.0,50,100.0,POINT (480639 6867411)
423,SFCWYN000144,"Bedding, showing strike and dip",inclined,BEIN,205,60.0,-27.55314,118.12905,611472.0,6951789.0,50,115.0,POINT (611472 6951789)
462,TJISIN120032,"Bedding, showing strike and dip",inclined,BEIN,210,42.0,-29.23032,116.93129,493324.0,6766497.0,50,120.0,POINT (493324 6766497)
185,SFCTHU000145,"Bedding, showing strike and dip",inclined,BEIN,120,76.0,-28.94892,117.04507,504394.0,6797673.0,50,30.0,POINT (504394 6797673)
259,SFCCGY000027,"Bedding, showing strike and dip",inclined,BEIN,36,82.0,-28.41226,116.84732,485044.0,6857122.0,50,306.0,POINT (485044 6857122)
286,SFCREE000699,"Bedding, showing strike and dip",inclined,BEIN,48,70.0,-27.50177,118.24034,622515.0,6957377.0,50,318.0,POINT (622515 6957377)
441,KPWCUE000514,"Bedding, showing strike and dip",inclined,BEIN,40,80.0,-27.71268,117.21454,521147.0,6934603.0,50,310.0,POINT (521147 6934603)
503,SFCCGM000660,"Bedding, showing strike and dip",inclined,BEIN,315,85.0,-28.5121,116.81061,481470.0,6846053.0,50,225.0,POINT (481470 6846053)
244,TJISIN120052,"Bedding, showing strike and dip",inclined,BEIN,293,70.0,-29.12151,117.02921,502843.0,6778553.0,50,203.0,POINT (502843 6778553)
438,SFCCGL000080,"Bedding, showing strike and dip",inclined,BEIN,172,60.0,-28.2556,116.80584,480953.0,6874469.0,50,82.0,POINT (480953 6874469)
361,KPWTLR004745,"Bedding, showing strike and dip",inclined,BEIN,55,70.0,-28.01239,115.92879,394685.0,6900966.0,50,325.0,POINT (394685 6900966)
547,AHHKIR003124,"Bedding, showing strike and dip",inclined,BEIN,110,60.0,-28.90393,117.06554,506390.0,6802655.0,50,20.0,POINT (506390 6802655)
449,KPWCUE000033,"Bedding, showing strike and dip",inclined,BEIN,190,85.0,-27.71725,117.901,588819.0,6933796.0,50,100.0,POINT (588819 6933796)
114,SFCCGM000748,"Bedding, showing strike and dip",inclined,BEIN,300,74.0,-28.42114,116.74379,474906.0,6856121.0,50,210.0,POINT (474906 6856121)
203,SFCCGM000386,"Bedding, showing strike and dip",inclined,BEIN,5,70.0,-28.33569,116.82338,482686.0,6865599.0,50,275.0,POINT (482686 6865599)
141,TJISIN120893,"Bedding, showing strike and dip","way-up not known, inclined",BEWU,172,65.0,-29.05448,117.414,540305.0,6785910.0,50,82.0,POINT (540305 6785910)
333,TJISIN120639,"Bedding, showing strike and dip","way-up not known, inclined",BEWU,65,64.0,-29.05503,117.31755,530911.0,6785876.0,50,335.0,POINT (530911 6785876)
7,SFCCGM000001,"Bedding, showing strike and dip",inclined,BEIN,30,70.0,-28.26531,116.74124,474622.0,6873378.0,50,300.0,POINT (474622 6873378)
516,SFCCGM000513,"Bedding, showing strike and dip",inclined,BEIN,310,70.0,-28.38495,116.69872,470485.0,6860116.0,50,220.0,POINT (470485 6860116)
19,TJIDAL180218,"Bedding, showing strike and dip","way-up not known, inclined",BEWU,113,61.0,-27.69133,117.2358,523247.0,6936967.0,50,23.0,POINT (523247 6936967)
172,SFCWYN000118,"Bedding, showing strike and dip",inclined,BEIN,25,75.0,-27.58962,118.10609,609167.0,6947766.0,50,295.0,POINT (609167 6947766)
446,SFCTHU000120,"Bedding, showing strike and dip",inclined,BEIN,155,80.0,-28.9444,117.03447,503361.0,6798174.0,50,65.0,POINT (503361 6798174)
56,TJIGGR130335,"Bedding, showing strike and dip",inclined,BEIN,230,62.0,-28.57949,116.94187,494313.0,6838602.0,50,140.0,POINT (494313 6838602)
296,SFCCGM000605,"Bedding, showing strike and dip",inclined,BEIN,310,75.0,-28.43275,116.74703,475228.0,6854833.0,50,220.0,POINT (475228 6854833)
331,IXZBDJ000561,"Bedding, showing strike and dip",inclined,BEIN,310,76.0,-28.86119,116.97918,497972.0,6807392.0,50,220.0,POINT (497972 6807392)
445,SFCCGM000708,"Bedding, showing strike and dip",inclined,BEIN,350,70.0,-28.46918,116.75813,476325.0,6850798.0,50,260.0,POINT (476325 6850798)
396,CMDTOP000062,"Bedding, showing strike and dip",inclined,BEIN,166,70.0,-28.7585,117.66903,565316.0,6818583.0,50,76.0,POINT (565316 6818583)
305,SFCTHU000250,"Bedding, showing strike and dip",vertical,BEVE,320,90.0,-28.89588,117.00825,500804.0,6803551.0,50,230.0,POINT (500804 6803551)
49,AHHMGI002900,"Bedding, showing strike and dip",inclined,BEIN,170,75.0,-29.53034,117.23565,522835.0,6733230.0,50,80.0,POINT (522835 6733230)
428,TJIRSY000016,"Bedding, showing strike and dip","way-up not known, inclined",BEWU,186,54.0,-29.2018,116.96045,496157.0,6769653.0,50,96.0,POINT (496157 6769653)
25,SFCTHU000177,"Bedding, showing strike and dip",inclined,BEIN,150,65.0,-28.93283,117.03304,503222.0,6799457.0,50,60.0,POINT (503222 6799457)
437,TJIWIN000495,"Bedding, showing strike and dip",inclined,BEIN,150,42.0,-29.01097,118.21062,617905.0,6790195.0,50,60.0,POINT (617905 6790195)
220,IXZMMT000237,"Bedding, showing strike and dip",inclined,BEIN,35,56.0,-28.01592,117.7678,575484.0,6900797.0,50,305.0,POINT (575484 6900797)
380,TJISIN120326,"Bedding, showing strike and dip",inclined,BEIN,55,61.0,-29.03292,117.24742,524089.0,6788342.0,50,325.0,POINT (524089 6788342)
488,SFCCGM000545,"Bedding, showing strike and dip",inclined,BEIN,330,55.0,-28.4388,116.72284,472862.0,6854155.0,50,240.0,POINT (472862 6854155)
42,KPWNGH004545,"Bedding, showing strike and dip",inclined,BEIN,110,70.0,-29.03362,117.33569,532686.0,6788245.0,50,20.0,POINT (532686 6788245)
411,TJISIN120462,"Bedding, showing strike and dip","way-up not known, inclined",BEWU,71,44.0,-29.04116,117.22997,522392.0,6787432.0,50,341.0,POINT (522392 6787432)
570,KPWCUE000322,"Bedding, showing strike and dip",inclined,BEIN,180,80.0,-27.61389,117.13098,512924.0,6945563.0,50,90.0,POINT (512924 6945563)
248,TJIWIN100035,"Bedding, showing strike and dip","way-up not known, inclined",BEWU,4,67.0,-28.10959,118.49978,647322.0,6889748.0,50,274.0,POINT (647322 6889748)
274,SFCREE000696,"Bedding, showing strike and dip",inclined,BEIN,55,80.0,-27.49803,118.24373,622853.0,6957787.0,50,325.0,POINT (622853 6957787)
402,TJISIN121019,"Bedding, showing strike and dip","way-up not known, inclined",BEWU,342,83.0,-29.06912,117.3573,534778.0,6784303.0,50,252.0,POINT (534778 6784303)
420,SFCCGM000705,"Bedding, showing strike and dip",inclined,BEIN,355,80.0,-28.47027,116.75409,475927.0,6850677.0,50,265.0,POINT (475927 6850677)
309,SFCTHU000149,"Bedding, showing strike and dip",inclined,BEIN,130,65.0,-28.96133,117.03105,503026.0,6796296.0,50,40.0,POINT (503026 6796296)
154,KPWKIR004454,"Bedding, showing strike and dip",inclined,BEIN,145,70.0,-28.83943,117.0296,502890.0,6809804.0,50,55.0,POINT (502890 6809804)
126,SFCTHU000257,"Bedding, showing strike and dip",vertical,BEVE,330,90.0,-28.88186,117.00406,500397.0,6805100.0,50,240.0,POINT (500397 6805100)
304,SFCCGM000529,"Bedding, showing strike and dip",inclined,BEIN,300,75.0,-28.42887,116.73907,474447.0,6855263.0,50,210.0,POINT (474447 6855263)
338,TJISIN120584,"Bedding, showing strike and dip","way-up not known, inclined",BEWU,58,57.0,-29.03906,117.25186,524523.0,6787662.0,50,328.0,POINT (524523 6787662)
440,CMDTOP000062,"Bedding, showing strike and dip",inclined,BEIN,180,80.0,-28.7585,117.66903,565316.0,6818583.0,50,90.0,POINT (565316 6818583)
174,SFCTHU000123,"Bedding, showing strike and dip",inclined,BEIN,140,78.0,-28.94258,117.03704,503607.0,6798377.0,50,50.0,POINT (503607 6798377)
31,CXPNIN000884,"Bedding, showing strike and dip",inclined,BEIN,154,86.0,-29.11036,117.09939,509672.0,6779781.0,50,64.0,POINT (509672 6779781)
113,TJIYAL130441,"Bedding, showing strike and dip","way-up not known, inclined",BEWU,300,62.0,-28.39764,116.47776,448840.0,6858639.0,50,210.0,POINT (448840 6858639)
23,TJISIN121003,"Bedding, showing strike and dip","way-up not known, inclined",BEWU,98,83.0,-29.07914,117.29992,529192.0,6783208.0,50,8.0,POINT (529192 6783208)
173,SFCWYN000325,"Bedding, showing strike and dip",inclined,BEIN,30,73.0,-27.52429,118.1026,608887.0,6955012.0,50,300.0,POINT (608887 6955012)
310,SFCCGM000224,"Bedding, showing strike and dip",inclined,BEIN,180,75.0,-28.30589,116.80237,480625.0,6868896.0,50,90.0,POINT (480625 6868896)
66,TJIGGR130161,"Bedding, showing strike and dip","way-up not known, inclined",BEWU,163,66.0,-28.65533,116.89008,489261.0,6830194.0,50,73.0,POINT (489261 6830194)
57,TJIYAL130266,"Bedding, showing strike and dip",vertical,BEVE,233,90.0,-28.53691,116.47241,448386.0,6843206.0,50,143.0,POINT (448386 6843206)
316,IXZMMT000324,"Bedding, showing strike and dip",vertical,BEVE,150,90.0,-28.0075,117.82226,580842.0,6901695.0,50,60.0,POINT (580842 6901695)
222,TJISIN121021,"Bedding, showing strike and dip","way-up not known, inclined",BEWU,35,55.0,-29.06852,117.36445,535475.0,6784371.0,50,305.0,POINT (535475 6784371)
452,TJISIN130216,"Bedding, showing strike and dip",inclined,BEIN,315,78.0,-29.36861,117.18833,518278.0,6751159.0,50,225.0,POINT (518278 6751159)
24,KPWCUE000031,"Bedding, showing strike and dip",inclined,BEIN,201,60.0,-27.72627,117.89646,588365.0,6932796.0,50,111.0,POINT (588365 6932796)
17,CMDTOP000062,"Bedding, showing strike and dip",inclined,BEIN,298,60.0,-28.7585,117.66903,565316.0,6818583.0,50,208.0,POINT (565316 6818583)
393,TJISIN121018,"Bedding, showing strike and dip","way-up not known, inclined",BEWU,155,73.0,-29.07648,117.34237,533320.0,6783495.0,50,65.0,POINT (533320 6783495)
255,SFCTHU000147,"Bedding, showing strike and dip",inclined,BEIN,320,76.0,-28.96006,117.03329,503244.0,6796441.0,50,230.0,POINT (503244 6796441)
300,TJISIN120779,"Bedding, showing strike and dip",vertical,BEVE,200,90.0,-29.07572,116.95718,495834.0,6783625.0,50,110.0,POINT (495834 6783625)
567,TJIYAL140232,"Bedding, showing strike and dip","way-up not known, inclined",BEWU,350,72.0,-28.25472,116.71781,472321.0,6874548.0,50,260.0,POINT (472321 6874548)
190,TJIGGR130287,"Bedding, showing strike and dip","overturned, inclined",BEOI,280,66.0,-28.80657,116.98849,498876.0,6813448.0,50,190.0,POINT (498876 6813448)
569,TJISIN170002,"Bedding, showing strike and dip",inclined,BEIN,20,56.0,-29.425259,117.213116,520674.0,6744877.0,50,290.0,POINT (520674 6744877)
522,TJISIN140094,"Bedding, showing strike and dip","way-up not known, inclined",BEWU,300,70.0,-29.43205,117.13601,513193.0,6744139.0,50,210.0,POINT (513193 6744139)
268,SFCCGM000560,"Bedding, showing strike and dip",inclined,BEIN,135,78.0,-28.49792,116.81819,482208.0,6847622.0,50,45.0,POINT (482208 6847622)
94,SFCTHU000223,"Bedding, showing strike and dip",inclined,BEIN,155,80.0,-28.96465,117.01173,501144.0,6795928.0,50,65.0,POINT (501144 6795928)
180,TJISIN140132,"Bedding, showing strike and dip","way-up not known, inclined",BEWU,104,64.0,-29.45397,117.12751,512362.0,6741708.0,50,14.0,POINT (512362 6741708)
443,SFCWYN000045,"Bedding, showing strike and dip",inclined,BEIN,30,78.0,-27.67399,118.04355,602913.0,6938477.0,50,300.0,POINT (602913 6938477)
369,TJISIN120047,"Bedding, showing strike and dip",inclined,BEIN,29,80.0,-29.10943,117.09665,509405.0,6779889.0,50,299.0,POINT (509405 6779889)
407,TJISIN140029,"Bedding, showing strike and dip",inclined,BEIN,320,16.0,-29.48295,117.29636,528728.0,6738466.0,50,230.0,POINT (528728 6738466)
5,KPWCUE000072,"Bedding, showing strike and dip",inclined,BEIN,220,80.0,-27.687,117.85085,583899.0,6937182.0,50,130.0,POINT (583899 6937182)
45,SFCTHU000164,"Bedding, showing strike and dip",vertical,BEVE,340,90.0,-28.97008,117.02491,502428.0,6795331.0,50,250.0,POINT (502428 6795331)
289,KPWTLR004728,"Bedding, showing strike and dip",inclined,BEIN,50,90.0,-28.10052,115.71024,373297.0,6890988.0,50,320.0,POINT (373297 6890988)
382,TJISIN100015,"Bedding, showing strike and dip",inclined,BEIN,128,25.0,-29.44773,117.31201,530260.0,6742367.0,50,38.0,POINT (530260 6742367)
374,AHHMGI002895,"Bedding, showing strike and dip",inclined,BEIN,135,75.0,-29.60108,117.24243,523474.0,6725394.0,50,45.0,POINT (523474 6725394)
16,SFCCGM000719,"Bedding, showing strike and dip",inclined,BEIN,315,66.0,-28.54217,116.83183,483549.0,6842724.0,50,225.0,POINT (483549 6842724)
48,SFCCGM000473,"Bedding, showing strike and dip",inclined,BEIN,320,68.0,-28.48355,116.81015,481415.0,6849214.0,50,230.0,POINT (481415 6849214)
573,KPWCUE000313,"Bedding, showing strike and dip",inclined,BEIN,180,40.0,-27.65997,117.12814,512636.0,6940454.0,50,90.0,POINT (512636 6940454)
482,SFCWYN000139,"Bedding, showing strike and dip",inclined,BEIN,204,80.0,-27.56011,118.12272,610837.0,6951020.0,50,114.0,POINT (610837 6951020)
3,SFCTHU000384,"Bedding, showing strike and dip",inclined,BEIN,170,75.0,-28.952009,116.968885,496968.0,6797330.0,50,80.0,POINT (496968 6797330)
321,TJISIN120519,"Bedding, showing strike and dip","way-up not known, inclined",BEWU,111,69.0,-29.06214,117.17089,516637.0,6785118.0,50,21.0,POINT (516637 6785118)
357,KPWCUE000351,"Bedding, showing strike and dip",inclined,BEIN,180,60.0,-27.52506,117.1443,514252.0,6955399.0,50,90.0,POINT (514252 6955399)
341,TJIDAL180120,"Bedding, showing strike and dip","way-up not known, inclined",BEWU,232,76.0,-27.71713,117.22251,521937.0,6934113.0,50,142.0,POINT (521937 6934113)
225,TJIWIN000914,"Bedding, showing strike and dip","way-up not known, inclined",BEWU,192,70.0,-29.0022,118.33725,630249.0,6791033.0,50,102.0,POINT (630249 6791033)
26,SFCTHU000253,"Bedding, showing strike and dip",inclined,BEIN,325,75.0,-28.88862,117.00587,500570.0,6804351.0,50,235.0,POINT (500570 6804351)
419,TJISIN121016,"Bedding, showing strike and dip","way-up not known, inclined",BEWU,215,55.0,-29.07654,117.33562,532667.0,6783490.0,50,125.0,POINT (532667 6783490)
263,SFCCGM000534,"Bedding, showing strike and dip",inclined,BEIN,320,60.0,-28.43353,116.72731,473298.0,6854740.0,50,230.0,POINT (473298 6854740)
50,TJIWIN000291,"Bedding, showing strike and dip","way-up not known, inclined",BEWU,80,40.0,-27.86091,118.49943,647626.0,6917300.0,50,350.0,POINT (647626 6917300)
229,KPWCUE000498,"Bedding, showing strike and dip",inclined,BEIN,335,60.0,-27.71945,117.22863,522536.0,6933852.0,50,245.0,POINT (522536 6933852)
37,TJIYAL140026,"Bedding, showing strike and dip",vertical,BEVE,4,90.0,-28.21478,116.74679,475155.0,6878978.0,50,274.0,POINT (475155 6878978)
157,SFCTHU000485,"Bedding, showing strike and dip",inclined,BEIN,260,70.0,-29.06166,116.98967,498996.0,6785181.0,50,170.0,POINT (498996 6785181)
237,SFCTHU000141,"Bedding, showing strike and dip",inclined,BEIN,110,80.0,-28.95177,117.04334,504221.0,6797355.0,50,20.0,POINT (504221 6797355)
568,SFCCGM000481,"Bedding, showing strike and dip",inclined,BEIN,300,78.0,-28.4373,116.75456,475964.0,6854327.0,50,210.0,POINT (475964 6854327)
175,SFCTHU000346,"Bedding, showing strike and dip",inclined,BEIN,320,65.0,-28.910046,116.967892,496872.0,6801983.0,50,230.0,POINT (496872 6801983)
493,SFCTHU000246,"Bedding, showing strike and dip",inclined,BEIN,340,80.0,-28.90593,117.00191,500184.0,6802434.0,50,250.0,POINT (500184 6802434)
515,SFCTHU000315,"Bedding, showing strike and dip",inclined,BEIN,270,80.0,-28.88519,116.96242,496335.0,6804732.0,50,180.0,POINT (496335 6804732)
194,SFCWYN000138,"Bedding, showing strike and dip",inclined,BEIN,205,70.0,-27.56025,118.1233,610893.0,6951007.0,50,115.0,POINT (610893 6951007)
563,TJIWIN000893,"Bedding, showing strike and dip","way-up not known, inclined",BEWU,10,80.0,-28.90037,118.20295,617282.0,6802455.0,50,280.0,POINT (617282 6802455)
