EASTING,NORTHING,DIP,DIP_DIR,count,kappa,beta
363168,6892892,90,312,2,1e-06,0.0
369168,6887892,83,323,1,1e-06,0.0
370168,6887892,90,155,1,1e-06,0.0
373168,6890892,90,320,1,1e-06,0.0
377168,6892892,90,330,1,1e-06,0.0
395168,6900892,70,325,1,1e-06,0.0
431168,6819892,80,40,1,1e-06,4.99e-07
431168,6823892,66,170,1,1e-06,0.0
446168,6826892,80,72,1,1e-06,4.99e-07
446168,6838892,58,261,1,1e-06,4.99e-07
448168,6838892,75,68,1,1e-06,4.99e-07
448168,6842892,90,143,1,1e-06,0.0
448168,6844892,62,245,1,1e-06,4.99e-07
448168,6857892,69,47,1,1e-06,4.99e-07
449168,6852892,75,45,1,1e-06,4.99e-07
449168,6857892,78,212,1,1e-06,0.0
449168,6858892,61,210,1,1e-06,0.0
464168,6868892,52,292,1,1e-06,4.99e-07
467168,6867892,83,108,1,1e-06,4.99e-07
467168,6868892,77,282,1,1e-06,4.99e-07
467168,6872892,68,277,1,1e-06,4.99e-07
468168,6866892,82,322,1,1e-06,0.0
470168,6859892,69,220,1,1e-06,0.0
471168,6857892,60,250,1,1e-06,4.99e-07
471168,6859892,54,242,1,1e-06,4.99e-07
471168,6860892,75,224,1,1e-06,0.0
471168,6870892,79,95,1,1e-06,0.0
471168,6875892,70,92,1,1e-06,0.0
472168,6855892,59,233,2,1e-06,4.99e-07
472168,6856892,46,232,1,1e-06,0.0
472168,6874892,72,260,1,1e-06,4.99e-07
472168,6877892,64,82,1,1e-06,0.0
473168,6853892,62,223,3,1e-06,4.99e-07
473168,6854892,60,230,1,1e-06,0.0
473168,6881892,72,80,1,1e-06,0.0
474168,6853892,54,219,1,1e-06,0.0
474168,6854892,67,210,2,1e-06,4.99e-07
474168,6855892,52,215,1,1e-06,0.0
474168,6872892,70,300,1,1e-06,4.99e-07
475168,6852892,75,215,1,1e-06,0.0
475168,6853892,57,222,2,1e-06,4.99e-07
475168,6854892,67,220,2,1e-06,4.99e-07
475168,6855892,74,210,1,1e-06,0.0
475168,6874892,73,276,2,1e-06,0.0
475168,6878892,90,274,1,1e-06,4.99e-07
475168,6880892,82,100,1,1e-06,0.0
476168,6850892,73,262,3,1e-06,0.0
476168,6853892,74,214,2,1e-06,4.99e-07
476168,6879892,84,142,1,1e-06,4.99e-07
477168,6848892,75,234,1,1e-06,4.99e-07
477168,6849892,60,250,1,1e-06,4.99e-07
477168,6850892,75,250,1,1e-06,4.99e-07
478168,6848892,72,242,2,1e-06,0.0
478168,6878892,61,58,2,1e-06,0.0
478168,6879892,72,30,1,1e-06,4.99e-07
479168,6847892,68,219,1,1e-06,0.0
479168,6850892,67,260,3,1e-06,0.0
479168,6852892,69,242,1,1e-06,4.99e-07
479168,6869892,72,262,1,1e-06,4.99e-07
479168,6877892,50,75,2,1e-06,4.99e-07
479168,6878892,58,68,1,1e-06,0.0
480168,6846892,80,229,1,1e-06,4.99e-07
480168,6847892,80,224,1,1e-06,0.0
480168,6848892,85,224,1,1e-06,0.0
480168,6849892,74,227,2,1e-06,4.99e-07
480168,6867892,75,100,1,1e-06,0.0
480168,6868892,75,90,1,1e-06,0.0
480168,6870892,72,77,2,1e-06,4.99e-07
480168,6872892,75,85,1,1e-06,0.0
481168,6845892,82,224,2,1e-06,4.99e-07
481168,6848892,19,335,2,11.940011603762438,5.39407860235896
481168,6866892,90,85,1,1e-06,4.99e-07
481168,6872892,69,75,1,1e-06,0.0
481168,6874892,60,82,1,1e-06,0.0
482168,6847892,71,39,3,0.4021259502304064,0.2010629741152032
482168,6848892,90,219,1,1e-06,0.0
482168,6869892,82,102,1,1e-06,4.99e-07
482168,6874892,77,57,2,1e-06,0.0
483168,6842892,66,224,1,1e-06,0.0
483168,6851892,80,289,1,1e-06,4.99e-07
483168,6865892,70,275,1,1e-06,4.99e-07
483168,6868892,75,85,1,1e-06,0.0
484168,6849892,69,80,1,1e-06,0.0
484168,6850892,75,78,1,1e-06,0.0
484168,6855892,78,290,3,1e-06,0.0
484168,6856892,78,290,1,1e-06,4.99e-07
484168,6857892,72,302,1,1e-06,4.99e-07
484168,6870892,65,83,1,1e-06,0.0
485168,6856892,63,301,3,4.322322536077145,2.1611612670385725
485168,6860892,85,252,1,1e-06,4.99e-07
487168,6837892,82,100,1,1e-06,0.0
488168,6832892,4,294,2,1e-06,0.0
489168,6827892,78,76,1,1e-06,0.0
489168,6829892,70,71,2,1e-06,4.99e-07
489168,6831892,77,85,1,1e-06,0.0
489168,6833892,84,75,1,1e-06,4.99e-07
491168,6795892,80,120,1,1e-06,4.99e-07
491168,6825892,78,35,1,1e-06,4.99e-07
493168,6765892,43,124,1,1e-06,4.99e-07
493168,6766892,20,138,3,1e-06,0.0
493168,6838892,90,290,1,1e-06,4.99e-07
494168,6796892,68,300,1,1e-06,4.99e-07
494168,6816892,56,245,1,1e-06,4.99e-07
494168,6820892,70,238,1,1e-06,4.99e-07
494168,6838892,61,140,1,1e-06,4.99e-07
496168,6769892,45,99,4,1e-06,4.99e-07
496168,6783892,90,110,1,1e-06,4.99e-07
496168,6786892,85,260,1,1e-06,4.99e-07
496168,6794892,68,76,1,1e-06,0.0
496168,6800892,75,70,1,1e-06,4.99e-07
496168,6802892,75,260,1,1e-06,4.99e-07
496168,6804892,80,180,1,1e-06,0.0
496168,6807892,90,250,1,1e-06,4.99e-07
496168,6812892,78,30,1,1e-06,4.99e-07
497168,6794892,77,89,2,1e-06,4.99e-07
497168,6796892,40,87,3,1e-06,4.99e-07
497168,6800892,80,234,1,1e-06,4.99e-07
497168,6801892,34,160,3,1e-06,0.0
497168,6802892,75,70,1,1e-06,4.99e-07
497168,6803892,75,300,1,1e-06,4.99e-07
497168,6808892,82,234,1,1e-06,4.99e-07
497168,6816892,76,32,1,1e-06,4.99e-07
498168,6796892,65,80,1,1e-06,0.0
498168,6799892,77,270,1,inf,0.0
498168,6800892,70,60,1,1e-06,4.99e-07
498168,6805892,84,234,2,1e-06,0.0
498168,6806892,76,219,1,1e-06,0.0
498168,6807892,76,219,1,1e-06,0.0
498168,6808892,80,60,1,1e-06,4.99e-07
498168,6809892,75,50,1,1e-06,4.99e-07
499168,6772892,70,352,2,1e-06,4.99e-07
499168,6778892,56,155,1,1e-06,4.99e-07
499168,6779892,65,156,1,1e-06,4.99e-07
499168,6784892,69,170,1,1e-06,0.0
499168,6785892,80,95,1,1e-06,0.0
499168,6786892,84,110,1,1e-06,4.99e-07
499168,6807892,80,229,3,1e-06,0.0
499168,6810892,90,70,1,1e-06,4.99e-07
499168,6812892,84,54,1,1e-06,4.99e-07
499168,6813892,66,190,1,1e-06,0.0
500168,6780892,71,192,2,1e-06,4.99e-07
500168,6796892,90,239,1,1e-06,4.99e-07
500168,6800892,60,247,1,1e-06,4.99e-07
500168,6801892,80,245,1,1e-06,4.99e-07
500168,6802892,80,250,1,1e-06,4.99e-07
500168,6803892,8,165,2,1e-06,0.0
500168,6804892,90,244,2,1e-06,0.0
500168,6805892,90,239,1,1e-06,4.99e-07
501168,6794892,90,100,1,1e-06,4.99e-07
501168,6795892,67,295,3,1e-06,4.99e-07
501168,6799892,60,250,1,1e-06,4.99e-07
501168,6800892,70,60,1,1e-06,4.99e-07
501168,6802892,85,65,1,1e-06,4.99e-07
501168,6803892,77,227,4,1e-06,0.0
502168,6740892,44,190,1,1e-06,0.0
502168,6770892,80,330,1,1e-06,0.0
502168,6793892,85,255,1,1e-06,4.99e-07
502168,6794892,90,250,1,1e-06,4.99e-07
502168,6797892,14,351,2,2.924095339310181,0.0
502168,6798892,74,254,2,1e-06,0.0
502168,6800892,71,239,3,1e-06,0.0
503168,6775892,53,256,2,1e-06,4.99e-07
503168,6776892,66,260,1,1e-06,4.99e-07
503168,6778892,69,202,1,1e-06,0.0
503168,6795892,69,46,3,1e-06,0.0
503168,6796892,49,2,3,11.64248976170574,0.0
503168,6797892,79,46,6,1e-06,0.0
503168,6799892,72,60,2,1e-06,0.0
503168,6809892,69,55,1,1e-06,4.99e-07
504168,6776892,70,239,1,1e-06,4.99e-07
504168,6796892,71,30,5,1e-06,0.0
504168,6797892,80,28,4,1e-06,4.99e-07
504168,6798892,70,45,1,1e-06,4.99e-07
505168,6780892,88,239,1,1e-06,4.99e-07
505168,6785892,90,55,1,1e-06,4.99e-07
505168,6786892,76,50,1,1e-06,4.99e-07
505168,6797892,69,358,3,1e-06,4.99e-07
505168,6798892,80,332,1,1e-06,0.0
506168,6785892,77,70,1,1e-06,4.99e-07
506168,6802892,60,20,1,1e-06,4.99e-07
507168,6739892,74,238,1,1e-06,4.99e-07
507168,6798892,77,321,3,1e-06,4.99e-07
507168,6799892,58,300,4,1e-06,0.0
507168,6800892,72,339,2,1e-06,4.99e-07
507168,6801892,83,180,1,1e-06,0.0
507168,6802892,82,355,1,1e-06,0.0
508168,6738892,60,219,1,1e-06,0.0
508168,6779892,68,219,1,1e-06,0.0
509168,6779892,70,49,6,1e-06,0.0
509168,6780892,71,53,2,1e-06,0.0
509168,6802892,64,138,2,1e-06,0.0
509168,6803892,80,355,1,1e-06,0.0
510168,6779892,82,52,2,1e-06,0.0
510168,6780892,67,52,3,1e-06,0.0
510168,6803892,90,0,1,1e-06,0.0
511168,6780892,75,32,1,1e-06,4.99e-07
511168,6803892,75,347,1,1e-06,0.0
512168,6741892,64,14,1,1e-06,0.0
512168,6743892,75,290,1,1e-06,4.99e-07
512168,6940892,39,90,3,1e-06,4.99e-07
513168,6742892,90,228,1,1e-06,4.99e-07
513168,6743892,69,227,3,1e-06,4.99e-07
513168,6941892,44,110,1,1e-06,0.0
513168,6942892,75,90,1,1e-06,0.0
513168,6944892,80,95,1,1e-06,0.0
513168,6945892,80,90,1,1e-06,0.0
513168,6950892,48,96,1,1e-06,0.0
514168,6742892,68,88,2,1e-06,4.99e-07
514168,6744892,76,85,1,1e-06,0.0
514168,6745892,83,67,2,1e-06,0.0
514168,6923892,77,98,1,1e-06,0.0
514168,6930892,75,161,1,1e-06,0.0
514168,6931892,90,350,1,1e-06,0.0
514168,6955892,58,100,2,1e-06,4.99e-07
515168,6742892,76,238,1,1e-06,4.99e-07
515168,6957892,54,90,1,1e-06,0.0
516168,6746892,58,243,1,1e-06,4.99e-07
516168,6756892,80,245,1,1e-06,4.99e-07
516168,6784892,69,21,1,1e-06,4.99e-07
516168,6785892,80,350,1,1e-06,0.0
516168,6787892,69,335,1,1e-06,0.0
517168,6756892,77,35,2,1e-06,0.0
517168,6785892,76,15,1,1e-06,0.0
518168,6737892,47,74,2,1e-06,4.99e-07
518168,6745892,19,179,2,7010.380979528484,0.0
518168,6750892,61,252,3,1e-06,0.0
518168,6785892,74,12,1,1e-06,0.0
519168,6750892,67,76,2,1e-06,4.99e-07
519168,6933892,77,352,2,1e-06,4.99e-07
520168,6742892,80,65,1,1e-06,4.99e-07
520168,6747892,80,250,1,1e-06,4.99e-07
520168,6783892,52,321,1,1e-06,0.0
520168,6784892,49,335,2,1e-06,4.99e-07
520168,6785892,69,340,1,1e-06,0.0
520168,6931892,90,300,1,1e-06,4.99e-07
520168,6934892,75,310,1,1e-06,0.0
521168,6740892,77,72,1,1e-06,4.99e-07
521168,6744892,56,290,1,1e-06,4.99e-07
521168,6745892,60,295,1,1e-06,4.99e-07
521168,6782892,72,337,1,1e-06,0.0
521168,6785892,63,337,2,1e-06,4.99e-07
521168,6930892,90,88,1,1e-06,4.99e-07
521168,6933892,82,294,2,1e-06,0.0
521168,6934892,81,312,5,1e-06,0.0
522168,6733892,67,204,2,1e-06,4.99e-07
522168,6734892,69,100,1,1e-06,0.0
522168,6747892,69,285,1,1e-06,4.99e-07
522168,6787892,43,341,1,1e-06,0.0
522168,6930892,80,45,1,1e-06,4.99e-07
522168,6932892,70,245,1,1e-06,4.99e-07
522168,6933892,50,239,7,1e-06,4.99e-07
522168,6934892,79,316,2,1e-06,4.99e-07
523168,6725892,75,45,1,1e-06,4.99e-07
523168,6732892,75,80,1,1e-06,0.0
523168,6733892,70,94,2,1e-06,4.99e-07
523168,6786892,62,336,2,1e-06,4.99e-07
523168,6914892,52,130,1,1e-06,4.99e-07
523168,6928892,77,185,1,1e-06,0.0
523168,6933892,90,60,1,1e-06,4.99e-07
523168,6936892,68,12,4,1e-06,4.99e-07
524168,6747892,17,335,1,1e-06,0.0
524168,6783892,76,6,1,1e-06,0.0
524168,6787892,59,313,3,1e-06,4.99e-07
524168,6788892,72,340,1,1e-06,0.0
524168,6935892,75,326,4,1e-06,4.99e-07
525168,6777892,19,254,2,1e-06,4.99e-07
525168,6783892,28,354,1,1e-06,0.0
525168,6787892,51,311,3,1e-06,4.99e-07
525168,6789892,69,340,1,1e-06,0.0
525168,6910892,62,107,1,1e-06,0.0
526168,6746892,20,25,1,1e-06,4.99e-07
526168,6747892,25,337,1,1e-06,0.0
526168,6761892,72,219,1,1e-06,0.0
526168,6782892,33,305,4,1e-06,4.99e-07
526168,6783892,56,31,1,1e-06,4.99e-07
526168,6787892,78,352,2,1e-06,4.99e-07
526168,6789892,82,3,3,1e-06,4.99e-07
527168,6739892,39,210,1,1e-06,0.0
527168,6785892,80,221,1,1e-06,0.0
527168,6788892,33,333,7,1e-06,4.99e-07
528168,6783892,60,184,1,1e-06,0.0
528168,6785892,68,225,1,1e-06,0.0
529168,6738892,16,230,1,1e-06,0.0
529168,6740892,25,324,3,1e-06,4.99e-07
529168,6743892,0,0,1,inf,0.0
529168,6782892,83,8,1,1e-06,0.0
529168,6783892,52,204,1,1e-06,0.0
530168,6738892,7,328,1,1e-06,0.0
530168,6741892,17,11,2,1e-06,0.0
530168,6783892,85,132,1,1e-06,4.99e-07
531168,6785892,64,335,1,1e-06,0.0
532168,6741892,43,42,1,1e-06,4.99e-07
532168,6783892,54,125,1,1e-06,4.99e-07
533168,6739892,41,50,1,1e-06,4.99e-07
533168,6740892,52,54,1,1e-06,4.99e-07
533168,6783892,73,65,1,1e-06,4.99e-07
533168,6785892,72,358,1,1e-06,0.0
533168,6787892,70,20,1,1e-06,4.99e-07
533168,6790892,54,223,1,1e-06,0.0
535168,6783892,43,261,4,1e-06,4.99e-07
536168,6738892,41,40,1,1e-06,4.99e-07
537168,6788892,48,277,2,1e-06,4.99e-07
537168,6789892,48,262,1,1e-06,4.99e-07
540168,6785892,46,15,2,24.20882353437998,12.10441176618999
540168,6786892,58,305,1,1e-06,4.99e-07
541168,6784892,80,295,1,1e-06,4.99e-07
541168,6786892,61,263,4,1e-06,0.0
542168,6786892,80,322,1,1e-06,0.0
547168,6791892,73,20,1,1e-06,0.0
565168,6818892,54,129,7,1e-06,4.99e-07
574168,6899892,74,300,1,1e-06,4.99e-07
575168,6900892,56,305,1,1e-06,4.99e-07
577168,6899892,39,20,1,1e-06,4.99e-07
579168,6901892,75,0,1,1e-06,0.0
580168,6935892,85,95,1,1e-06,0.0
581168,6895892,90,70,1,1e-06,4.99e-07
581168,6901892,22,98,2,6.308840726052371,2.4389162797999986
581168,6902892,69,315,1,1e-06,0.0
581168,6903892,70,280,1,1e-06,4.99e-07
581168,6930892,12,207,2,1.8776328780450806,0.0
581168,6934892,90,295,1,1e-06,4.99e-07
582168,6934892,85,275,1,1e-06,4.99e-07
583168,6935892,69,130,1,1e-06,4.99e-07
584168,6936892,80,130,1,1e-06,4.99e-07
588168,6898892,60,270,1,inf,0.0
588168,6900892,49,275,1,1e-06,4.99e-07
588168,6903892,80,239,1,1e-06,4.99e-07
588168,6932892,60,111,1,1e-06,0.0
589168,6933892,85,100,1,1e-06,4.99e-07
589168,6936892,49,118,1,1e-06,4.99e-07
589168,6938892,65,155,1,1e-06,4.99e-07
591168,6936892,49,110,1,1e-06,0.0
592168,6894892,73,245,2,1e-06,0.0
601168,6950892,73,296,3,1e-06,0.0
601168,6951892,70,300,1,1e-06,4.99e-07
602168,6951892,74,302,2,1e-06,0.0
602168,6952892,72,309,2,1e-06,4.99e-07
603168,6936892,69,295,1,1e-06,4.99e-07
603168,6937892,84,297,2,1e-06,0.0
603168,6938892,78,300,1,1e-06,4.99e-07
603168,6952892,49,302,2,1e-06,0.0
604168,6804892,90,68,1,1e-06,4.99e-07
604168,6805892,69,72,1,1e-06,0.0
604168,6947892,80,303,1,1e-06,4.99e-07
605168,6946892,90,318,1,1e-06,0.0
605168,6947892,76,300,2,1e-06,0.0
606168,6947892,80,272,1,1e-06,4.99e-07
606168,6948892,80,278,1,1e-06,4.99e-07
606168,6950892,72,293,2,1e-06,0.0
607168,6807892,77,89,1,1e-06,0.0
607168,6950892,75,290,1,1e-06,4.99e-07
608168,6945892,80,117,1,1e-06,4.99e-07
608168,6947892,90,273,1,1e-06,4.99e-07
608168,6950892,80,290,1,1e-06,4.99e-07
609168,6946892,80,300,1,1e-06,4.99e-07
609168,6947892,82,295,2,1e-06,0.0
609168,6954892,72,298,4,1e-06,0.0
609168,6955892,80,300,1,1e-06,4.99e-07
609168,6957892,80,298,1,1e-06,4.99e-07
610168,6948892,10,286,2,1e-06,0.0
610168,6949892,49,112,3,3.687070873984061,1.8435354359920304
610168,6953892,69,305,1,1e-06,4.99e-07
610168,6955892,80,293,1,1e-06,4.99e-07
611168,6950892,74,114,2,1e-06,0.0
611168,6951892,65,115,2,1e-06,0.0
611168,6953892,75,115,1,1e-06,4.99e-07
611168,6955892,13,227,2,3.379457827259224,1.240837159774065
612168,6952892,79,120,2,1e-06,0.0
612168,6953892,80,115,1,1e-06,4.99e-07
612168,6954892,73,107,2,1e-06,0.0
612168,6955892,40,8,1,1e-06,4.99e-07
613168,6953892,70,110,1,1e-06,4.99e-07
613168,6954892,74,126,2,1e-06,0.0
613168,6956892,75,113,1,1e-06,4.99e-07
614168,6955892,6,264,2,34.0249762871725,16.484851278078896
614168,6956892,69,128,2,1e-06,0.0
615168,6956892,75,120,1,1e-06,4.99e-07
616168,6795892,47,92,1,1e-06,0.0
616168,6800892,85,280,1,1e-06,4.99e-07
617168,6790892,43,49,1,1e-06,4.99e-07
617168,6802892,80,280,1,1e-06,4.99e-07
617168,6803892,41,66,1,1e-06,0.0
618168,6789892,41,60,1,1e-06,4.99e-07
618168,6800892,67,290,1,1e-06,4.99e-07
619168,6795892,61,243,1,1e-06,4.99e-07
622168,6956892,69,318,1,1e-06,0.0
623168,6794892,19,239,1,1e-06,4.99e-07
623168,6957892,80,325,1,1e-06,0.0
624168,6801892,90,66,1,1e-06,4.99e-07
624168,6957892,75,60,1,1e-06,4.99e-07
625168,6956892,80,60,1,1e-06,4.99e-07
626168,6880892,65,70,1,1e-06,0.0
630168,6789892,55,172,1,1e-06,0.0
630168,6790892,70,102,1,1e-06,0.0
636168,6877892,75,197,2,1e-06,4.99e-07
638168,6881892,90,288,1,1e-06,4.99e-07
639168,6884892,33,289,2,1e-06,0.0
642168,6885892,69,190,1,1e-06,0.0
643168,6886892,80,261,1,1e-06,4.99e-07
647168,6841892,82,278,1,1e-06,4.99e-07
647168,6889892,67,274,1,1e-06,4.99e-07
647168,6916892,42,324,3,1e-06,4.99e-07
648168,6896892,35,271,1,1e-06,4.99e-07
